id,pollster_id,link,start_date,end_date,midpoint,published_date,population,sponsor,sampling,method,sample,done_by,notes
cvvm_2010-09-02,cvvm,http://dspace.soc.cas.cz:8080/xmlui/bitstream/handle/123456789/1691/PR01_V1009.pdf?sequence=1,2010-08-30,2010-09-06,2010-09-02,2010-09-21,>15,NA,kvótní výběr,osobní rozhovor tazatele s respondentem,1024,Kamil Gregor,
cvvm_2010-10-07,cvvm,http://dspace.soc.cas.cz:8080/xmlui/bitstream/handle/123456789/1683/PR01_V1010.pdf?sequence=1,2010-10-04,2010-10-11,2010-10-07,2010-10-25,>15,NA,kvótní výběr,osobní rozhovor tazatele s respondentem,1072,Kamil Gregor,
cvvm_2010-11-11,cvvm,http://dspace.soc.cas.cz:8080/xmlui/bitstream/handle/123456789/1672/PR01_V1011.pdf?sequence=1,2010-11-08,2010-11-15,2010-11-11,2010-11-24,>15,NA,kvótní výběr,osobní rozhovor tazatele s respondentem,1020,Kamil Gregor,
cvvm_2010-12-02,cvvm,http://dspace.soc.cas.cz:8080/xmlui/bitstream/handle/123456789/1657/PR01_V1012.pdf?sequence=1,2010-11-29,2010-12-06,2010-12-02,2010-12-16,>15,NA,kvótní výběr,osobní rozhovor tazatele s respondentem,1037,Kamil Gregor,
cvvm_2011-01-13,cvvm,http://dspace.soc.cas.cz:8080/xmlui/bitstream/handle/123456789/1533/PR01_V1101.pdf?sequence=1,2011-01-10,2011-01-17,2011-01-13,2011-01-27,>15,NA,kvótní výběr,osobní rozhovor tazatele s respondentem,1035,Kamil Gregor,
cvvm_2011-02-10,cvvm,http://dspace.soc.cas.cz:8080/xmlui/bitstream/handle/123456789/1559/PR12_V1102.pdf?sequence=1,2011-02-07,2011-02-14,2011-02-10,2011-02-25,>15,NA,kvótní výběr,osobní rozhovor tazatele s respondentem,1069,Kamil Gregor,
cvvm_2011-03-10,cvvm,http://dspace.soc.cas.cz:8080/xmlui/bitstream/handle/123456789/1560/PR01_V1103.pdf?sequence=1,2011-03-07,2011-03-14,2011-03-10,2011-03-23,>15,NA,kvótní výběr,osobní rozhovor tazatele s respondentem,1306,Kamil Gregor,
cvvm_2011-04-07,cvvm,http://dspace.soc.cas.cz:8080/xmlui/bitstream/handle/123456789/1579/PR02_V1104.pdf?sequence=3,2011-04-04,2011-04-11,2011-04-07,2011-04-21,>15,NA,kvótní výběr,osobní rozhovor tazatele s respondentem,979,Kamil Gregor,
cvvm_2011-05-05,cvvm,http://dspace.soc.cas.cz:8080/xmlui/bitstream/handle/123456789/1593/PR01_V1105.pdf?sequence=1,2011-05-02,2011-05-09,2011-05-05,2011-05-18,>15,NA,kvótní výběr,osobní rozhovor tazatele s respondentem,1115,Kamil Gregor,
cvvm_2011-06-09,cvvm,http://dspace.soc.cas.cz:8080/xmlui/bitstream/handle/123456789/1605/PR01_V1106.pdf?sequence=1,2011-06-06,2011-06-13,2011-06-09,2011-06-23,>15,NA,kvótní výběr,osobní rozhovor tazatele s respondentem,1006,Kamil Gregor,
cvvm_2011-09-08,cvvm,http://dspace.soc.cas.cz:8080/xmlui/bitstream/handle/123456789/1618/PR03_V1109.pdf?sequence=1,2011-09-05,2011-09-12,2011-09-08,2011-09-21,>15,NA,kvótní výběr,osobní rozhovor tazatele s respondentem,984,Kamil Gregor,
cvvm_2011-10-06,cvvm,http://dspace.soc.cas.cz:8080/xmlui/bitstream/handle/123456789/1634/PR02_V1110.pdf?sequence=1,2011-10-03,2011-10-10,2011-10-06,2011-10-19,>15,NA,kvótní výběr,osobní rozhovor tazatele s respondentem,1052,Kamil Gregor,
cvvm_2011-11-10,cvvm,http://dspace.soc.cas.cz:8080/xmlui/bitstream/handle/123456789/3102/PR10_V1111.pdf?sequence=1,2011-11-07,2011-11-14,2011-11-10,2011-11-23,>15,NA,kvótní výběr,osobní rozhovor tazatele s respondentem,1010,Kamil Gregor,
cvvm_2011-12-08,cvvm,http://cvvm.soc.cas.cz/media/com_form2content/documents/c1/a6666/f3/pv111221.pdf,2011-12-05,2011-12-12,2011-12-08,2011-12-21,>15,NA,kvótní výběr,osobní rozhovor tazatele s respondentem,1060,Kamil Gregor,
cvvm_2012-01-12,cvvm,http://dspace.soc.cas.cz:8080/xmlui/bitstream/handle/123456789/3100/PR17_V1201.pdf?sequence=1,2012-01-09,2012-01-16,2012-01-12,2012-01-25,>15,NA,kvótní výběr,osobní rozhovor tazatele s respondentem,1090,Kamil Gregor,
cvvm_2012-02-09,cvvm,http://dspace.soc.cas.cz:8080/xmlui/bitstream/handle/123456789/3098/PR15_V1202.pdf?sequence=1,2012-02-06,2012-02-13,2012-02-09,2012-02-22,>15,NA,kvótní výběr,osobní rozhovor tazatele s respondentem,1054,Kamil Gregor,
cvvm_2012-03-08,cvvm,http://dspace.soc.cas.cz:8080/xmlui/bitstream/handle/123456789/3096/PR17_V1203.pdf?sequence=1,2012-03-05,2012-03-12,2012-03-08,2012-03-21,>15,NA,kvótní výběr,osobní rozhovor tazatele s respondentem,1053,Kamil Gregor,
cvvm_2012-04-05,cvvm,http://dspace.soc.cas.cz:8080/xmlui/bitstream/handle/123456789/1478/PR01_V1204.pdf?sequence=1,2012-04-02,2012-04-09,2012-04-05,2012-04-18,>15,NA,kvótní výběr,osobní rozhovor tazatele s respondentem,1048,Kamil Gregor,
cvvm_2012-05-10,cvvm,http://dspace.soc.cas.cz:8080/xmlui/bitstream/handle/123456789/3092/PR12_V1205.pdf?sequence=1,2012-05-07,2012-05-14,2012-05-10,2012-05-23,>15,NA,kvótní výběr,osobní rozhovor tazatele s respondentem,1042,Kamil Gregor,
cvvm_2012-06-07,cvvm,http://dspace.soc.cas.cz:8080/xmlui/bitstream/handle/123456789/3090/PR12_V1206.pdf?sequence=1,2012-06-04,2012-06-11,2012-06-07,2012-06-20,>15,NA,kvótní výběr,osobní rozhovor tazatele s respondentem,1034,Kamil Gregor,
cvvm_2012-09-06,cvvm,http://dspace.soc.cas.cz:8080/xmlui/bitstream/handle/123456789/1446/PR01_V1209.pdf?sequence=1,2012-09-03,2012-09-10,2012-09-06,2012-09-20,>15,NA,kvótní výběr,osobní rozhovor tazatele s respondentem,1036,Kamil Gregor,
cvvm_2012-10-04,cvvm,http://dspace.soc.cas.cz:8080/xmlui/bitstream/handle/123456789/1439/PR01_V1210.pdf?sequence=1,2012-10-01,2012-10-08,2012-10-04,2012-10-22,>15,NA,kvótní výběr,osobní rozhovor tazatele s respondentem,1025,Kamil Gregor,
cvvm_2012-11-15,cvvm,http://dspace.soc.cas.cz:8080/xmlui/bitstream/handle/123456789/1427/PR02_V1211b.pdf?sequence=3,2012-11-12,2012-11-19,2012-11-15,2012-11-28,>15,NA,kvótní výběr,osobní rozhovor tazatele s respondentem,1053,Kamil Gregor,
cvvm_2012-12-06,cvvm,http://dspace.soc.cas.cz:8080/xmlui/bitstream/handle/123456789/1409/PR01_V1212.pdf?sequence=1,2012-12-03,2012-12-10,2012-12-06,2012-12-19,>15,NA,kvótní výběr,osobní rozhovor tazatele s respondentem,1047,Kamil Gregor,
cvvm_2013-01-17,cvvm,http://dspace.soc.cas.cz:8080/xmlui/bitstream/handle/123456789/1399/PR01_V1301.pdf?sequence=1,2013-01-14,2013-01-21,2013-01-17,2013-01-30,>15,NA,kvótní výběr,osobní rozhovor tazatele s respondentem,1032,Kamil Gregor,
cvvm_2013-02-07,cvvm,http://dspace.soc.cas.cz:8080/xmlui/bitstream/handle/123456789/3087/PR09_V1302.pdf?sequence=1,2013-02-04,2013-02-11,2013-02-07,2013-02-21,>15,NA,kvótní výběr,osobní rozhovor tazatele s respondentem,1060,Kamil Gregor,
cvvm_2013-03-07,cvvm,http://dspace.soc.cas.cz:8080/xmlui/bitstream/handle/123456789/1376/PR01_V1303.pdf?sequence=1,2013-03-04,2013-03-11,2013-03-07,2013-03-20,>15,NA,kvótní výběr,osobní rozhovor tazatele s respondentem,1016,Kamil Gregor,
cvvm_2013-04-11,cvvm,http://dspace.soc.cas.cz:8080/xmlui/bitstream/handle/123456789/1365/PR01_V1304.pdf?sequence=1,2013-04-08,2013-04-15,2013-04-11,2013-04-24,>15,NA,kvótní výběr,osobní rozhovor tazatele s respondentem,1049,Kamil Gregor,
cvvm_2013-05-09,cvvm,http://dspace.soc.cas.cz:8080/xmlui/bitstream/handle/123456789/1347/PR01_V1305.pdf?sequence=1,2013-05-06,2013-05-13,2013-05-09,2013-05-22,>15,NA,kvótní výběr,osobní rozhovor tazatele s respondentem,1016,Kamil Gregor,
cvvm_2013-06-06,cvvm,http://dspace.soc.cas.cz:8080/xmlui/bitstream/handle/123456789/1334/PR01_V1306.pdf?sequence=1,2013-06-03,2013-06-10,2013-06-06,2013-06-21,>15,NA,kvótní výběr,osobní rozhovor tazatele s respondentem,1023,Kamil Gregor,
cvvm_2013-09-12,cvvm,http://dspace.soc.cas.cz:8080/xmlui/bitstream/handle/123456789/1319/PR01_V1309.pdf?sequence=1,2013-09-09,2013-09-16,2013-09-12,2013-09-24,>15,NA,kvótní výběr,osobní rozhovor tazatele s respondentem,1029,Kamil Gregor,
cvvm_2013-10-10,cvvm,http://dspace.soc.cas.cz:8080/xmlui/bitstream/handle/123456789/3082/PR09_V1310.pdf?sequence=1,2013-10-07,2013-10-14,2013-10-10,2013-10-21,>15,NA,kvótní výběr,osobní rozhovor tazatele s respondentem,1039,Kamil Gregor,
cvvm_2013-11-14,cvvm,http://dspace.soc.cas.cz:8080/xmlui/bitstream/handle/123456789/3080/PR11_V1311.pdf?sequence=1,2013-11-11,2013-11-18,2013-11-14,2013-11-27,>15,NA,kvótní výběr,osobní rozhovor tazatele s respondentem,981,Kamil Gregor,
cvvm_2013-12-05,cvvm,NA,2013-12-02,2013-12-09,2013-12-05,NA,>15,NA,kvótní výběr,osobní rozhovor tazatele s respondentem,985,Kamil Gregor,
cvvm_2014-01-16,cvvm,http://dspace.soc.cas.cz:8080/xmlui/bitstream/handle/123456789/3077/PR14_V1401.pdf?sequence=1,2014-01-13,2014-01-20,2014-01-16,2014-01-30,>15,NA,kvótní výběr,osobní rozhovor tazatele s respondentem,1105,Kamil Gregor,
cvvm_2014-02-06,cvvm,http://dspace.soc.cas.cz:8080/xmlui/bitstream/handle/123456789/3162/PR16_V1402.pdf?sequence=1,2014-02-03,2014-02-10,2014-02-06,2014-02-19,>15,NA,kvótní výběr,osobní rozhovor tazatele s respondentem,1081,Kamil Gregor,
cvvm_2014-03-06,cvvm,http://dspace.soc.cas.cz/bitstream/handle/123456789/2695/PR13_V1403.pdf?sequence=1,2014-03-03,2014-03-10,2014-03-06,2014-03-19,>15,NA,kvótní výběr,osobní rozhovor tazatele s respondentem,1061,Kamil Gregor,
cvvm_2014-04-10,cvvm,http://dspace.soc.cas.cz:8080/xmlui/bitstream/handle/123456789/3068/PR13_V1404.pdf?sequence=1,2014-04-07,2014-04-14,2014-04-10,2014-04-23,>15,NA,kvótní výběr,osobní rozhovor tazatele s respondentem,1027,Kamil Gregor,
cvvm_2014-05-08,cvvm,http://dspace.soc.cas.cz:8080/xmlui/bitstream/handle/123456789/3139/PR12_V1405.pdf?sequence=1,2014-05-05,2014-05-12,2014-05-08,2014-05-26,>15,NA,kvótní výběr,osobní rozhovor tazatele s respondentem,1027,Kamil Gregor,
cvvm_2014-06-05,cvvm,http://dspace.soc.cas.cz:8080/xmlui/bitstream/handle/123456789/3148/PR05_V1406.pdf?sequence=1,2014-06-02,2014-06-09,2014-06-05,2014-06-19,>15,NA,kvótní výběr,osobní rozhovor tazatele s respondentem,1049,Kamil Gregor,
cvvm_2014-09-11,cvvm,http://dspace.soc.cas.cz:8080/xmlui/bitstream/handle/123456789/3197/PR08_V1409.pdf?sequence=1,2014-09-08,2014-09-15,2014-09-11,2014-09-24,>15,NA,kvótní výběr,osobní rozhovor tazatele s respondentem,1017,Kamil Gregor,
cvvm_2014-10-04,cvvm,http://dspace.soc.cas.cz:8080/xmlui/bitstream/handle/123456789/3219/PR10_V1410.pdf?sequence=1,2014-10-01,2014-10-08,2014-10-04,2014-10-22,>15,NA,kvótní výběr,osobní rozhovor tazatele s respondentem,1045,Kamil Gregor,
cvvm_2014-11-06,cvvm,http://dspace.soc.cas.cz:8080/xmlui/bitstream/handle/123456789/3242/PR06_V1411.pdf?sequence=1,2014-11-03,2014-11-10,2014-11-06,2014-11-20,>15,NA,kvótní výběr,osobní rozhovor tazatele s respondentem,1085,Kamil Gregor,
cvvm_2014-12-04,cvvm,http://dspace.soc.cas.cz:8080/xmlui/bitstream/handle/123456789/3276/PR02_V1412.pdf?sequence=3,2014-12-01,2014-12-08,2014-12-04,2014-12-18,>15,NA,kvótní výběr,osobní rozhovor tazatele s respondentem,1005,Kamil Gregor,
cvvm_2015-01-15,cvvm,http://dspace.soc.cas.cz:8080/xmlui/bitstream/handle/123456789/3300/PR16_V1501.pdf?sequence=1,2015-01-12,2015-01-19,2015-01-15,2015-01-29,>15,NA,kvótní výběr,osobní rozhovor tazatele s respondentem,1021,Kamil Gregor,
cvvm_2015-02-05,cvvm,http://dspace.soc.cas.cz:8080/xmlui/bitstream/handle/123456789/3320/PR15_V1502.pdf?sequence=1,2015-02-02,2015-02-09,2015-02-05,2015-02-19,>15,NA,kvótní výběr,osobní rozhovor tazatele s respondentem,1069,Kamil Gregor,
cvvm_2015-03-05,cvvm,http://dspace.soc.cas.cz:8080/xmlui/bitstream/handle/123456789/3339/PR12_V1503.pdf?sequence=1,2015-03-02,2015-03-09,2015-03-05,2015-03-19,>15,NA,kvótní výběr,osobní rozhovor tazatele s respondentem,1045,Kamil Gregor,
cvvm_2015-04-08,cvvm,http://dspace.soc.cas.cz:8080/xmlui/bitstream/handle/123456789/3351/PR06_V1504.pdf?sequence=1,2015-04-04,2015-04-13,2015-04-08,2015-04-23,>15,NA,kvótní výběr,osobní rozhovor tazatele s respondentem,1011,Kamil Gregor,
cvvm_2015-05-14,cvvm,http://dspace.soc.cas.cz:8080/xmlui/bitstream/handle/123456789/3389/PR01_V1505.pdf?sequence=1,2015-05-11,2015-05-18,2015-05-14,2015-05-28,>15,NA,kvótní výběr,osobní rozhovor tazatele s respondentem,1043,Kamil Gregor,
cvvm_2015-06-11,cvvm,http://dspace.soc.cas.cz:8080/xmlui/bitstream/handle/123456789/3405/PR04_V1506.pdf?sequence=1,2015-06-08,2015-06-15,2015-06-11,2015-06-26,>15,NA,kvótní výběr,osobní rozhovor tazatele s respondentem,1022,Kamil Gregor,
cvvm_2015-09-10,cvvm,http://dspace.soc.cas.cz:8080/xmlui/bitstream/handle/123456789/3428/PR05_V1509.pdf?sequence=3,2015-09-07,2015-09-14,2015-09-10,2015-09-23,>15,NA,kvótní výběr,osobní rozhovor tazatele s respondentem,994,Kamil Gregor,
cvvm_2015-10-08,cvvm,http://dspace.soc.cas.cz:8080/xmlui/bitstream/handle/123456789/3456/PR08_V1510.pdf?sequence=1,2015-10-05,2015-10-12,2015-10-08,2015-10-22,>15,NA,kvótní výběr,osobní rozhovor tazatele s respondentem,1045,Kamil Gregor,
cvvm_2015-11-05,cvvm,http://dspace.soc.cas.cz:8080/xmlui/bitstream/handle/123456789/3510/PR03_V1511.pdf?sequence=1,2015-11-02,2015-11-09,2015-11-05,2015-11-20,>15,NA,kvótní výběr,osobní rozhovor tazatele s respondentem,1054,Kamil Gregor,
cvvm_2015-12-03,cvvm,http://dspace.soc.cas.cz:8080/xmlui/bitstream/handle/123456789/3519/PR01_V1512.pdf?sequence=1,2015-11-30,2015-12-07,2015-12-03,2015-12-18,>15,NA,kvótní výběr,osobní rozhovor tazatele s respondentem,1048,Kamil Gregor,
cvvm_2016-01-14,cvvm,http://dspace.soc.cas.cz:8080/xmlui/bitstream/handle/123456789/3536/PR07_V1601.pdf?sequence=1,2016-01-11,2016-01-18,2016-01-14,2016-01-28,>15,NA,kvótní výběr,osobní rozhovor tazatele s respondentem,1047,Kamil Gregor,
cvvm_2016-02-11,cvvm,http://dspace.soc.cas.cz:8080/xmlui/bitstream/handle/123456789/3566/PR01_V1602.pdf?sequence=1,2016-02-08,2016-02-15,2016-02-11,2016-02-25,>15,NA,kvótní výběr,osobní rozhovor tazatele s respondentem,1080,Kamil Gregor,
cvvm_2016-03-10,cvvm,http://dspace.soc.cas.cz:8080/xmlui/bitstream/handle/123456789/3588/PR01_V1603.pdf?sequence=1,2016-03-07,2016-03-14,2016-03-10,2016-03-24,>15,NA,kvótní výběr,osobní rozhovor tazatele s respondentem,1039,Kamil Gregor,
cvvm_2016-04-07,cvvm,http://dspace.soc.cas.cz:8080/xmlui/bitstream/handle/123456789/3609/PR01_V1604.pdf?sequence=1,2016-04-04,2016-04-11,2016-04-07,2016-04-21,>15,NA,kvótní výběr,osobní rozhovor tazatele s respondentem,1063,Kamil Gregor,
cvvm_2016-05-09,cvvm,http://dspace.soc.cas.cz:8080/xmlui/bitstream/handle/123456789/3678/PR01_V1605.pdf?sequence=1,2016-05-02,2016-05-16,2016-05-09,2016-05-20,>15,NA,kvótní výběr,osobní rozhovor tazatele s respondentem,1015,Kamil Gregor,
cvvm_2016-06-11,cvvm,http://dspace.soc.cas.cz:8080/xmlui/bitstream/handle/123456789/3656/PR02_V1606.pdf?sequence=1,2016-06-03,2016-06-20,2016-06-11,2016-06-23,>15,NA,kvótní výběr,osobní rozhovor tazatele s respondentem,1005,Kamil Gregor,
cvvm_2016-09-12,cvvm,http://dspace.soc.cas.cz:8080/xmlui/bitstream/handle/123456789/3712/PR12_V1609.pdf?sequence=1,2016-09-05,2016-09-19,2016-09-12,2016-09-27,>15,NA,kvótní výběr,"osobní rozhovor tazatele s respondentem - 
kombinace dotazování CAPI a PAPI ",999,Kamil Gregor,
cvvm_2016-10-13,cvvm,http://cvvm.soc.cas.cz/media/com_form2content/documents/c1/a7610/f3/pv161101.pdf,2016-10-10,2016-10-17,2016-10-13,2016-11-01,>15,NA,kvótní výběr,"osobní rozhovor tazatele s respondentem - 
kombinace dotazování CAPI a PAPI ",982,Kamil Gregor,
cvvm_2016-11-11,cvvm,http://cvvm.soc.cas.cz/media/com_form2content/documents/c1/a7626/f3/pv161128.pdf,2016-11-07,2016-11-16,2016-11-11,2016-11-28,>15,NA,kvótní výběr,"osobní rozhovor tazatele s respondentem - 
kombinace dotazování CAPI a PAPI ",1019,Kamil Gregor,
median_2012-04-01,median,http://www.median.eu/cs/wp-content/uploads/2016/01/MEDIAN_Snemovni_volebni_model_2012_03.pdf,2012-03-17,2012-04-16,2012-04-01,2012-04-24,>18,NA,kvótní výběr v náhodně vybraných oblastech ČR,osobní dotazování vyškolenými tazateli v domácnostech respondentů,1021,Kamil Gregor,
median_2012-05-17,median,http://www.median.eu/cs/wp-content/uploads/2016/01/MEDIAN_Snemovni_volebni_model_2012_04.pdf,2012-04-17,2012-06-16,2012-05-17,2012-05-22,>18,NA,kvótní výběr v náhodně vybraných oblastech ČR,osobní dotazování vyškolenými tazateli v domácnostech respondentů,925,Kamil Gregor,
median_2012-06-01,median,http://www.median.eu/cs/wp-content/uploads/2016/01/MEDIAN_Snemovni_volebni_model_2012_05.pdf,2012-05-17,2012-06-16,2012-06-01,2012-06-22,>18,NA,kvótní výběr v náhodně vybraných oblastech ČR,osobní dotazování vyškolenými tazateli v domácnostech respondentů,936,Kamil Gregor,
median_2012-09-01,median,http://www.median.eu/cs/wp-content/uploads/2016/01/MEDIAN_Snemovni_volebni_model_2012_08.pdf,2012-08-17,2012-09-17,2012-09-01,2012-09-25,>18,NA,kvótní výběr v náhodně vybraných oblastech ČR,osobní dotazování vyškolenými tazateli v domácnostech respondentů,962,Kamil Gregor,
median_2012-10-01,median,http://www.median.eu/cs/wp-content/uploads/2016/01/MEDIAN_Snemovni_volebni_model_2012_09.pdf,2012-09-17,2012-10-16,2012-10-01,2012-10-24,>18,NA,kvótní výběr v náhodně vybraných oblastech ČR,osobní dotazování vyškolenými tazateli v domácnostech respondentů,1108,Kamil Gregor,
median_2012-11-01,median,http://www.median.eu/cs/wp-content/uploads/2016/01/MEDIAN_Snemovni_volebni_model_2012_10.pdf,2012-10-17,2012-11-16,2012-11-01,2012-11-23,>18,NA,kvótní výběr v náhodně vybraných oblastech ČR,osobní dotazování vyškolenými tazateli v domácnostech respondentů,1060,Kamil Gregor,
median_2012-12-02,median,http://www.median.eu/cs/wp-content/uploads/2016/01/MEDIAN_Snemovni_volebni_model_2012_11.pdf,2012-11-17,2012-12-17,2012-12-02,2012-12-29,>18,NA,kvótní výběr v náhodně vybraných oblastech ČR,osobní dotazování vyškolenými tazateli v domácnostech respondentů,1165,Kamil Gregor,
median_2013-03-02,median,http://www.median.eu/cs/wp-content/uploads/2016/01/MEDIAN_Snemovni_volebni_model_2013_02.pdf,2013-02-17,2013-03-16,2013-03-02,2013-03-21,>18,NA,kvótní výběr v náhodně vybraných oblastech ČR,osobní dotazování vyškolenými tazateli v domácnostech respondentů,1184,Kamil Gregor,
median_2013-05-01,median,http://www.median.eu/cs/wp-content/uploads/2016/01/MEDIAN_Snemovni_volebni_model_2013_04.pdf,2013-04-17,2013-05-16,2013-05-01,2013-05-27,>18,NA,kvótní výběr v náhodně vybraných oblastech ČR,osobní dotazování vyškolenými tazateli v domácnostech respondentů,928,Kamil Gregor,
median_2013-06-24,median,http://www.median.eu/cs/wp-content/uploads/2016/01/MEDIAN_Snemovni_volebni_model_2013_05.pdf,2013-05-17,2013-06-13,2013-05-30,2013-06-24,>18,NA,kvótní výběr v náhodně vybraných oblastech ČR,osobní dotazování vyškolenými tazateli v domácnostech respondentů,941,Kamil Gregor,
median_2013-06-29,median,http://www.median.eu/cs/wp-content/uploads/2016/01/MEDIAN_Snemovni_volebni_model_2013_06.pdf,2013-06-14,2013-07-14,2013-06-29,2013-07-24,>18,NA,kvótní výběr v náhodně vybraných oblastech ČR,osobní dotazování vyškolenými tazateli v domácnostech respondentů,1377,Kamil Gregor,
median_2013-07-30,median,http://www.median.eu/cs/wp-content/uploads/2016/01/MEDIAN_Snemovni_volebni_model_2013_07.pdf,2013-07-15,2013-08-15,2013-07-30,2013-08-23,>18,NA,kvótní výběr v náhodně vybraných oblastech ČR,osobní dotazování vyškolenými tazateli v domácnostech respondentů,1161,Kamil Gregor,
median_2013-10-02,median,http://www.median.eu/cs/wp-content/uploads/2016/01/MEDIAN_Snemovni_volebni_model_2013_09.pdf,2013-09-19,2013-10-16,2013-10-02,2013-10-18,>18,NA,kvótní výběr v náhodně vybraných oblastech ČR,osobní dotazování vyškolenými tazateli v domácnostech respondentů,1083,Kamil Gregor,
median_2014-03-16,median,http://www.median.eu/cs/wp-content/uploads/docs/preference_2014_03.pdf,2014-03-01,2014-03-31,2014-03-16,NA,>18,NA,stratifikovaný náhodný adresní výběr,osobní dotazování vyškolenými tazateli v domácnostech respondentů,1037,Kamil Gregor,
median_2014-04-23,median,http://www.median.eu/cs/wp-content/uploads/docs/preference_2014_04.pdf,2014-04-08,2014-05-08,2014-04-23,NA,>18,NA,stratifikovaný náhodný adresní výběr,osobní dotazování vyškolenými tazateli v domácnostech respondentů,1056,Kamil Gregor,
median_2014-05-20,median,http://www.median.eu/cs/wp-content/uploads/docs/preference_2014_05.pdf,2014-05-08,2014-06-02,2014-05-20,NA,>18,NA,stratifikovaný náhodný adresní výběr,osobní dotazování vyškolenými tazateli v domácnostech respondentů,926,Kamil Gregor,
median_2014-06-16,median,http://www.median.eu/cs/wp-content/uploads/docs/preference_2014_06.pdf,2014-06-03,2014-06-30,2014-06-16,NA,>18,NA,stratifikovaný náhodný adresní výběr,osobní dotazování vyškolenými tazateli v domácnostech respondentů,1017,Kamil Gregor,
median_2014-07-16,median,http://www.median.eu/cs/wp-content/uploads/docs/preference_2014_07.pdf,2014-07-01,2014-07-31,2014-07-16,NA,>18,NA,stratifikovaný náhodný adresní výběr,osobní dotazování vyškolenými tazateli v domácnostech respondentů,1177,Kamil Gregor,
median_2014-08-21,median,http://www.median.eu/cs/wp-content/uploads/docs/preference_2014_08.pdf,2014-08-06,2014-09-06,2014-08-21,NA,>18,NA,stratifikovaný náhodný adresní výběr,osobní dotazování vyškolenými tazateli v domácnostech respondentů,1051,Kamil Gregor,
median_2014-10-16,median,http://www.median.eu/cs/wp-content/uploads/docs/preference_2014_10.pdf,2014-10-01,2014-11-01,2014-10-16,NA,>18,NA,stratifikovaný náhodný adresní výběr,osobní dotazování vyškolenými tazateli v domácnostech respondentů,1070,Kamil Gregor,
median_2014-11-16,median,http://www.median.eu/cs/wp-content/uploads/docs/preference_2014_11.pdf,2014-11-01,2014-12-01,2014-11-16,NA,>18,NA,stratifikovaný náhodný adresní výběr,osobní dotazování vyškolenými tazateli v domácnostech respondentů,1002,Kamil Gregor,
median_2015-01-21,median,http://www.median.eu/cs/wp-content/uploads/docs/preference_2015_01.pdf,2015-01-06,2015-02-06,2015-01-21,NA,>18,NA,kvótní výběr v náhodně vybraných oblastech ČR,osobní dotazování vyškolenými tazateli v domácnostech respondentů,1046,Kamil Gregor,
median_2015-02-21,median,http://www.median.eu/cs/wp-content/uploads/docs/preference_2015_02.pdf,2015-02-07,2015-03-07,2015-02-21,NA,>18,NA,kvótní výběr v náhodně vybraných oblastech ČR,osobní dotazování vyškolenými tazateli v domácnostech respondentů,1090,Kamil Gregor,
median_2015-03-23,median,http://www.median.eu/cs/wp-content/uploads/docs/preference_2015_03.pdf,2015-03-08,2015-04-07,2015-03-23,NA,>18,NA,kvótní výběr v náhodně vybraných oblastech ČR,osobní dotazování vyškolenými tazateli v domácnostech respondentů,1029,Kamil Gregor,
median_2015-04-20,median,http://www.median.eu/cs/wp-content/uploads/docs/preference_2015_04.pdf,2015-04-07,2015-05-04,2015-04-20,NA,>18,NA,kvótní výběr v náhodně vybraných oblastech ČR,osobní dotazování vyškolenými tazateli v domácnostech respondentů,1006,Kamil Gregor,
median_2015-05-20,median,http://www.median.eu/cs/wp-content/uploads/docs/preference_2015_05.pdf,2015-05-05,2015-06-05,2015-05-20,NA,>18,NA,kvótní výběr v náhodně vybraných oblastech ČR,osobní dotazování vyškolenými tazateli v domácnostech respondentů,1006,Kamil Gregor,
median_2015-06-21,median,http://www.median.eu/cs/wp-content/uploads/docs/preference_2015_06.pdf,2015-06-06,2015-07-06,2015-06-21,NA,>18,NA,kvótní výběr v náhodně vybraných oblastech ČR,osobní dotazování vyškolenými tazateli v domácnostech respondentů,1003,Kamil Gregor,
median_2015-08-20,median,http://www.median.eu/cs/wp-content/uploads/docs/preference_2015_08.pdf,2015-08-05,2015-09-05,2015-08-20,NA,>18,NA,kvótní výběr v náhodně vybraných oblastech ČR,osobní dotazování vyškolenými tazateli v domácnostech respondentů,1005,Kamil Gregor,
median_2015-09-21,median,http://www.median.eu/cs/wp-content/uploads/docs/MEDIAN_Snemovni_volebni_model_2015_09.pdf,2015-09-06,2015-10-07,2015-09-21,NA,>18,NA,kvótní výběr v náhodně vybraných oblastech ČR,osobní dotazování vyškolenými tazateli v domácnostech respondentů,1050,Kamil Gregor,
median_2015-10-20,median,http://www.median.eu/cs/wp-content/uploads/docs/MEDIAN_Snemovni_volebni_model_2015_10.pdf,2015-10-07,2015-11-03,2015-10-20,NA,>18,NA,kvótní výběr v náhodně vybraných oblastech ČR,osobní dotazování vyškolenými tazateli v domácnostech respondentů,1015,Kamil Gregor,
median_2015-11-19,median,http://www.median.eu/cs/wp-content/uploads/docs/MEDIAN_Snemovni_volebni_model_2015_11.pdf,2015-11-05,2015-12-04,2015-11-19,NA,>18,NA,kvótní výběr v náhodně vybraných oblastech ČR,osobní dotazování vyškolenými tazateli v domácnostech respondentů,1485,Kamil Gregor,
median_2016-01-26,median,http://www.median.eu/cs/wp-content/uploads/docs/MEDIAN_Snemovni_volebni_model_2016_01.pdf,2016-01-13,2016-02-09,2016-01-26,NA,>18,NA,kvótní výběr v náhodně vybraných oblastech ČR,osobní dotazování vyškolenými tazateli v domácnostech respondentů,1126,Kamil Gregor,
median_2016-02-17,median,http://www.median.eu/cs/wp-content/uploads/docs/median_snemovni_volebni_model_2016_02.pdf,2016-02-05,2016-03-01,2016-02-17,NA,>18,NA,kvótní výběr v náhodně vybraných oblastech ČR,osobní dotazování vyškolenými tazateli v domácnostech respondentů,1081,Kamil Gregor,
median_2016-03-18,median,http://www.median.eu/cs/wp-content/uploads/docs/median_snemovni_volebni_model_2016_03.pdf,2016-03-01,2016-04-04,2016-03-18,NA,>18,NA,kvótní výběr v náhodně vybraných oblastech ČR,osobní dotazování vyškolenými tazateli v domácnostech respondentů,1008,Kamil Gregor,
median_2016-04-19,median,http://www.median.eu/cs/wp-content/uploads/docs/median_snemovni_volebni_model_2016_04.pdf,2016-04-05,2016-05-04,2016-04-19,NA,>18,NA,kvótní výběr v náhodně vybraných oblastech ČR,osobní dotazování vyškolenými tazateli v domácnostech respondentů,1078,Kamil Gregor,
median_2016-05-21,median,http://www.median.eu/cs/wp-content/uploads/docs/MEDIAN_Snemovni_volebni_model_2016_05.pdf,2016-05-05,2016-06-07,2016-05-21,NA,>18,NA,kvótní výběr v náhodně vybraných oblastech ČR,osobní dotazování vyškolenými tazateli v domácnostech respondentů,1034,Kamil Gregor,
median_2016-06-19,median,http://www.median.eu/cs/wp-content/uploads/docs/MEDIAN_Snemovni_volebni_model_2016_06.pdf,2016-06-06,2016-07-03,2016-06-19,NA,>18,NA,kvótní výběr v náhodně vybraných oblastech ČR,osobní dotazování vyškolenými tazateli v domácnostech respondentů,991,Kamil Gregor,
median_2016-07-19,median,http://www.median.eu/cs/wp-content/uploads/docs/MEDIAN_Snemovni_volebni_model_2016_07.pdf,2016-07-04,2016-08-04,2016-07-19,NA,>18,NA,kvótní výběr v náhodně vybraných oblastech ČR,osobní dotazování vyškolenými tazateli v domácnostech respondentů,1241,Kamil Gregor,
median_2016-10-14,median,http://www.median.eu/cs/wp-content/uploads/2016/01/MEDIAN_Snemovni_volebni_model_2016_10.pdf,2016-09-29,2016-10-29,2016-10-14,NA,>18,NA,kvótní výběr v náhodně vybraných oblastech ČR,osobní dotazování vyškolenými tazateli v domácnostech respondentů,1032,Kamil Gregor,
phoenix_2014-09-30,phoenix,http://www.phoenixresearch.cz/dnld/Phoenixresearch-preference-CR-10-2014-(LQ).pdf,2014-09-22,2014-10-09,2014-09-30,2014-10-17,>18,NA,kvótní výběr,online průzkum,1008,Kamil Gregor,
phoenix_2014-11-01,phoenix,http://www.phoenixresearch.cz/dnld/Phoenixresearch-preference-CR-11-2014-(LQ).pdf,2014-10-22,2014-11-11,2014-11-01,2014-11-16,>18,NA,kvótní výběr,online průzkum,1112,Kamil Gregor,
phoenix_2014-12-01,phoenix,http://www.phoenixresearch.cz/dnld/Phoenixresearch-preference-CR-12-2014-%28LQ%29.pdf,2014-11-22,2014-12-11,2014-12-01,2014-12-18,>18,NA,kvótní výběr,online průzkum,1112,Kamil Gregor,
phoenix_2014-12-27,phoenix,http://www.phoenixresearch.cz/dnld/Phoenixresearch-preference-CR-01-2015-%28LQ%29.pdf,2014-12-12,2015-01-12,2014-12-27,2015-01-20,>18,NA,kvótní výběr,online průzkum,1112,Kamil Gregor,
phoenix_2015-04-08,phoenix,http://www.phoenixresearch.cz/dnld/Phoenixresearch-preference-CR-04-2015-%28LQ%29.pdf,2015-03-20,2015-04-04,2015-03-27,2015-04-08,>18,NA,kvótní výběr,online průzkum,985,Kamil Gregor,
phoenix_2015-04-29,phoenix,http://www.phoenixresearch.cz/dnld/Phoenixresearch-preference-CR-05-2015-(LQ).pdf,2015-04-20,2015-05-08,2015-04-29,2015-05-15,>18,NA,kvótní výběr,online průzkum,985,Kamil Gregor,
phoenix_2015-05-29,phoenix,http://www.phoenixresearch.cz/dnld/Phoenixresearch-preference-CR-06-2015-(LQ-PDF).pdf,2015-05-20,2015-06-08,2015-05-29,2015-06-21,>18,NA,kvótní výběr,online průzkum,985,Kamil Gregor,
phoenix_2015-07-04,phoenix,http://www.phoenixresearch.cz/dnld/Phoenixresearch-preference-CR-07-2015-%28LQ-PDF%29.pdf,2015-06-26,2015-07-13,2015-07-04,2015-07-15,>18,NA,kvótní výběr,online průzkum,985,Kamil Gregor,
phoenix_2015-08-04,phoenix,http://www.phoenixresearch.cz/dnld/Phoenixresearch-preference-CR-08-2015-(LQ-PDF).pdf,2015-07-30,2015-08-10,2015-08-04,2015-08-24,>18,NA,kvótní výběr,online průzkum,1003,Kamil Gregor,
phoenix_2015-09-05,phoenix,http://www.phoenixresearch.cz/dnld/Phoenixresearch-preference-CR-09-2015-(LQ-PDF).pdf,2015-08-31,2015-09-10,2015-09-05,2015-09-19,>18,NA,kvótní výběr,online průzkum,1007,Kamil Gregor,
phoenix_2015-10-05,phoenix,http://www.phoenixresearch.cz/dnld/Phoenixresearch-preference-CR-10-2015-(LQ-PDF).pdf,2015-09-30,2015-10-10,2015-10-05,2015-10-19,>18,NA,kvótní výběr,online průzkum,1023,Kamil Gregor,
phoenix_2015-11-04,phoenix,http://www.phoenixresearch.cz/dnld/Phoenixresearch-preference-CR-11-2015-(LQ-PDF).pdf,2015-10-30,2015-11-10,2015-11-04,2015-11-12,>18,NA,kvótní výběr,online průzkum,1018,Kamil Gregor,
phoenix_2015-12-06,phoenix,http://www.phoenixresearch.cz/dnld/Phoenixresearch-preference-CR-12-2015-(LQ-PDF).pdf,2015-11-30,2015-12-13,2015-12-06,2015-12-30,>18,NA,kvótní výběr,online průzkum,1015,Kamil Gregor,
phoenix_2016-01-07,phoenix,http://www.phoenixresearch.cz/dnld/Phoenixresearch-preference-CR-01-2016-(LQ).pdf,2016-01-02,2016-01-13,2016-01-07,2016-01-15,>18,NA,kvótní výběr,online průzkum,1018,Kamil Gregor,
phoenix_2016-02-06,phoenix,http://www.phoenixresearch.cz/dnld/Phoenixresearch-preference-CR-02-2016-(LQ).pdf,2016-02-01,2016-02-12,2016-02-06,2016-02-15,>18,NA,kvótní výběr,online průzkum,1015,Kamil Gregor,
phoenix_2016-03-06,phoenix,http://www.phoenixresearch.cz/dnld/Phoenixresearch-preference-CR-03-2016-(LQ-PDF).pdf,2016-03-02,2016-03-11,2016-03-06,2016-03-15,>18,NA,kvótní výběr,online průzkum,1017,Kamil Gregor,
phoenix_2016-04-05,phoenix,http://www.phoenixresearch.cz/dnld/Phoenixresearch-preference-CR-04-2016-(LQ-PDF).pdf,2016-04-01,2016-04-10,2016-04-05,2016-04-12,>18,NA,kvótní výběr,online průzkum,1020,Kamil Gregor,
phoenix_2016-05-05,phoenix,http://www.phoenixresearch.cz/dnld/Phoenixresearch-preference-CR-05-2016-(LQ-PDF).pdf,2016-05-01,2016-05-10,2016-05-05,2016-05-13,>18,NA,kvótní výběr,online průzkum,1018,Kamil Gregor,
phoenix_2016-11-05,phoenix,http://www.phoenixresearch.cz/dnld/Phoenixresearch-preference-CR-11-2016-(LQ-PDF).pdf,2016-11-01,2016-11-10,2016-11-05,2016-11-16,>18,NA,kvótní výběr,online průzkum,1018,Kamil Gregor,
ppm_2010-08-15,ppm,http://www.factum.cz/aktuality/aktualita/prvni-volebni-model-po-nastupu-nove-vlady,2010-08-13,2010-08-18,2010-08-15,2010-08-31,>18,NA,kvótní výběr,osobní dotazování,964,Kamil Gregor,
ppm_2010-09-12,ppm,http://www.factum.cz/aktuality/aktualita/volebni-model-zustava-stabilni,2010-09-10,2010-09-15,2010-09-12,2010-09-29,>18,NA,kvótní výběr,osobní dotazování,943,Kamil Gregor,
ppm_2010-09-26,ppm,http://www.factum.cz/aktuality/aktualita/kdu-csl-zpatky-ve-hre,2010-09-24,2010-09-29,2010-09-26,2010-10-07,>18,NA,kvótní výběr,osobní dotazování,960,Kamil Gregor,
ppm_2010-10-24,ppm,http://www.factum.cz/aktuality/aktualita/uspech-cssd-a-kdu-csl-v-podzimnich-volbach-se-potvrzuje-i-v-parlamentnim-volebnim-modelu,2010-10-22,2010-10-27,2010-10-24,2010-11-05,>18,NA,kvótní výběr,osobní dotazování,965,Kamil Gregor,
ppm_2011-01-16,ppm,http://www.factum.cz/aktuality/aktualita/vladni-koalice-by-ziskala-krehkou-vetsinu,2011-01-14,2011-01-19,2011-01-16,2011-02-02,>18,NA,kvótní výběr,osobní dotazování,982,Kamil Gregor,
ppm_2011-02-13,ppm,http://www.factum.cz/aktuality/aktualita/vladni-koalice-by-neziskala-potrebnou-vetsinu,2011-02-11,2011-02-16,2011-02-13,2011-03-02,>18,NA,kvótní výběr,osobní dotazování,982,Kamil Gregor,
ppm_2011-03-27,ppm,http://www.factum.cz/aktuality/aktualita/poprve-od-voleb-moznost-levicove-vetsiny-ve-snemovne,2011-03-25,2011-03-30,2011-03-27,2011-04-07,>18,NA,kvótní výběr,osobní dotazování,961,Kamil Gregor,
ppm_2011-04-17,ppm,http://www.factum.cz/aktuality/aktualita/pravicova-vladni-koalice-by-nevznikla,2011-04-15,2011-04-20,2011-04-17,2011-04-29,>18,NA,kvótní výběr,osobní dotazování,992,Kamil Gregor,
ppm_2011-05-22,ppm,http://www.factum.cz/aktuality/aktualita/podpora-veci-verejnych-upada,2011-05-20,2011-05-25,2011-05-22,2011-06-01,>18,NA,kvótní výběr,osobní dotazování,928,Kamil Gregor,
ppm_2011-07-17,ppm,http://www.factum.cz/aktuality/aktualita/v-pestrobarevne-snemovne-by-dominovala-levice,2011-07-15,2011-07-20,2011-07-17,2011-07-29,>18,NA,kvótní výběr,osobní dotazování,904,Kamil Gregor,
ppm_2011-08-17,ppm,http://www.factum.cz/aktuality/aktualita/stabilizace-mirne-levicove-vetsiny,2011-08-12,2011-08-22,2011-08-17,2011-08-30,>18,NA,kvótní výběr,osobní dotazování,881,Kamil Gregor,
ppm_2011-09-11,ppm,http://www.factum.cz/aktuality/aktualita/levicove-strany-udrzuji-prevahu-nad-pravicovymi,2011-09-09,2011-09-14,2011-09-11,2011-09-23,>18,NA,kvótní výběr,osobní dotazování,940,Kamil Gregor,
ppm_2011-09-28,ppm,http://www.factum.cz/aktuality/aktualita/strana-zelenych-se-opet-blizi-k-petiprocentni-hranici,2011-09-23,2011-10-03,2011-09-28,2011-10-07,>18,NA,kvótní výběr,osobní dotazování,926,Kamil Gregor,
ppm_2011-10-26,ppm,http://www.factum.cz/aktuality/aktualita/kdu-csl-a-zeleni-namisto-veci-verejnych,2011-10-20,2011-11-01,2011-10-26,2011-11-04,>18,NA,kvótní výběr,osobní dotazování,933,Kamil Gregor,
ppm_2012-02-01,ppm,http://www.factum.cz/aktuality/aktualita/v-poslanecke-snemovne-by-zasedly-jen-4-strany,2012-01-27,2012-02-07,2012-02-01,2012-02-13,>18,NA,kvótní výběr,osobní dotazování,963,Kamil Gregor,
ppm_2012-02-29,ppm,http://www.factum.cz/aktuality/aktualita/pujdeme-slovenskou-cestou,2012-02-23,2012-03-06,2012-02-29,2012-03-08,>18,NA,kvótní výběr,osobní dotazování,959,Kamil Gregor,
ppm_2012-03-28,ppm,http://www.factum.cz/aktuality/aktualita/kdu-csl-vaznym-kandidatem-do-snemovny,2012-03-23,2012-04-03,2012-03-28,2012-04-04,>18,NA,kvótní výběr,osobní dotazování,964,Kamil Gregor,
ppm_2012-04-25,ppm,http://www.factum.cz/aktuality/aktualita/levicove-strany-dal-posiluji,2012-04-19,2012-05-01,2012-04-25,2012-05-03,>18,NA,kvótní výběr,osobní dotazování,964,Kamil Gregor,
ppm_2012-05-22,ppm,http://www.factum.cz/aktuality/aktualita/kauza-rath-poskodila-cssd-jen-mirne,2012-05-17,2012-05-27,2012-05-22,2012-05-29,>18,NA,kvótní výběr,osobní dotazování,947,Kamil Gregor,
ppm_2012-06-20,ppm,http://www.factum.cz/aktuality/aktualita/strana-milose-zemana-by-prekrocila-petiprocentni-hranici,2012-06-14,2012-06-26,2012-06-20,2012-06-28,>18,NA,kvótní výběr,osobní dotazování,961,Kamil Gregor,
ppm_2012-07-17,ppm,http://www.factum.cz/aktuality/aktualita/socialnim-demokratum-by-nestacila-podpora-komunistu,2012-07-12,2012-07-22,2012-07-17,2012-07-27,>18,NA,kvótní výběr,osobní dotazování,956,Kamil Gregor,
ppm_2012-08-15,ppm,http://www.factum.cz/aktuality/aktualita/zemanovci-nabiraji-tempo,2012-08-09,2012-08-21,2012-08-15,2012-08-28,>18,NA,kvótní výběr,osobní dotazování,928,Kamil Gregor,
ppm_2012-09-12,ppm,http://www.factum.cz/aktuality/aktualita/komuniste-se-dotahuji-na-ods,2012-09-06,2012-09-18,2012-09-12,2012-09-23,>18,NA,kvótní výběr,osobní dotazování,934,Kamil Gregor,
ppm_2012-10-07,ppm,http://www.factum.cz/aktuality/aktualita/pred-volbami-klid,2012-10-04,2012-10-11,2012-10-07,2012-10-21,>18,NA,kvótní výběr,osobní dotazování,971,Kamil Gregor,
ppm_2012-11-05,ppm,http://www.factum.cz/aktuality/aktualita/ods-i-po-kongresu-oslabuje,2012-11-01,2012-11-09,2012-11-05,2012-11-14,>18,NA,kvótní výběr,osobní dotazování,948,Kamil Gregor,
ppm_2012-11-22,ppm,http://www.factum.cz/aktuality/aktualita/top-09-opet-posiluje-zeleni-nemaji-nic-jiste,2011-11-16,2011-11-29,2011-11-22,2011-12-02,>18,NA,kvótní výběr,osobní dotazování,940,Kamil Gregor,
ppm_2012-12-04,ppm,http://www.factum.cz/aktuality/aktualita/krajske-koalice-nezmenily-celostatni-preference,2012-11-29,2012-12-09,2012-12-04,2012-12-09,>18,NA,kvótní výběr,osobní dotazování,939,Kamil Gregor,
ppm_2013-01-03,ppm,http://www.factum.cz/aktuality/aktualita/komuniste-na-zacatku-ledna-ztraceli,2013-01-01,2013-01-06,2013-01-03,2013-01-15,>18,NA,kvótní výběr,osobní dotazování,959,Kamil Gregor,
ppm_2013-01-31,ppm,http://www.factum.cz/aktuality/aktualita/top-09-temer-dotahla-ods,2013-01-27,2013-02-05,2013-01-31,2013-02-04,>18,NA,kvótní výběr,osobní dotazování,958,Kamil Gregor,
ppm_2013-02-26,ppm,http://www.factum.cz/aktuality/aktualita/ods-uz-ztratila-tretinu-sve-nekdejsi-podpory,2013-02-21,2013-03-04,2013-02-26,2013-03-04,>18,NA,kvótní výběr,osobní dotazování,958,Kamil Gregor,
ppm_2013-03-26,ppm,http://www.factum.cz/aktuality/aktualita/cssd-by-si-mohla-vybirat,2013-03-21,2013-03-31,2013-03-26,2013-04-03,>18,NA,kvótní výběr,osobní dotazování,974,Kamil Gregor,
ppm_2013-04-23,ppm,http://www.factum.cz/aktuality/aktualita/levy-stred-posiluje,2013-04-18,2013-04-29,2013-04-23,2013-04-29,>18,NA,kvótní výběr,osobní dotazování,957,Kamil Gregor,
ppm_2013-05-22,ppm,http://www.factum.cz/aktuality/aktualita/bude-jedinym-resenim-duhova-koalice,2013-05-16,2013-05-28,2013-05-22,2013-05-30,>18,NA,kvótní výběr,osobní dotazování,918,Kamil Gregor,
ppm_2013-06-17,ppm,http://www.factum.cz/aktuality/aktualita/podpora-ods-na-historickem-minimu,2013-06-14,2013-06-20,2013-06-17,2013-06-20,>18,NA,kvótní výběr,osobní dotazování,945,Kamil Gregor,
ppm_2013-09-10,ppm,http://www.factum.cz/aktuality/aktualita/v-cr-sili-podpora-mimoparlamentnich-stran-a-levice,2013-09-05,2013-09-15,2013-09-10,2013-09-18,>18,NA,kvótní výběr,osobní dotazování,967,Kamil Gregor,
ppm_2013-10-05,ppm,http://www.factum.cz/aktuality/aktualita/dosavadni-trend-pokracuje-podpora-novych-a-neparlamentnich-stran-mirne-posiluje,2013-10-10,2013-09-30,2013-10-05,2013-10-13,>18,NA,kvótní výběr,osobní dotazování,972,Kamil Gregor,
ppm_2013-12-04,ppm,http://www.factum.cz/aktuality/aktualita/ochota-ucastnit-se-pripadnych-voleb-je-nizka,2013-11-28,2013-12-10,2013-12-04,2013-12-12,>18,NA,kvótní výběr,osobní dotazování,973,Kamil Gregor,
ppm_2014-01-29,ppm,http://www.factum.cz/aktuality/aktualita/podpora-koalicnich-stran-je-stabilni,2014-01-23,2014-02-04,2014-01-29,2014-02-06,>18,NA,kvótní výběr,osobní dotazování,963,Kamil Gregor,
ppm_2014-03-04,ppm,http://www.factum.cz/aktuality/aktualita/volby-do-snemovny-by-nyni-vyhralo-ano,2014-02-20,2014-02-28,2014-02-24,2014-03-04,>18,NA,kvótní výběr,osobní dotazování,990,Kamil Gregor,
ppm_2014-05-20,ppm,http://www.factum.cz/aktuality/aktualita/usvit-by-se-nyni-do-snemovny-nedostal,2014-05-15,2014-05-26,2014-05-20,2014-05-27,>18,NA,kvótní výběr,osobní dotazování,970,Kamil Gregor,
ppm_2014-07-25,ppm,http://www.factum.cz/aktuality/aktualita/i-tri-ctvrte-roku-po-volbach-by-koalice-svuj-zisk-obhajila,2014-07-21,2014-07-29,2014-07-25,2014-08-03,>18,NA,kvótní výběr,osobní dotazování,943,Kamil Gregor,
ppm_2014-10-08,ppm,http://www.factum.cz/aktuality/aktualita/koalice-potvrzuje-svuj-zisk-i-rok-po-volbach,2014-10-03,2014-10-14,2014-10-08,2014-10-14,>18,NA,kvótní výběr,osobní dotazování,974,Kamil Gregor,
ppm_2015-01-28,ppm,http://www.factum.cz/aktuality/aktualita/usvit-tezi-z-radikalizace-nalad-ve-spolecnosti,2015-01-23,2015-02-03,2015-01-28,2015-02-05,>18,NA,kvótní výběr,osobní dotazování,973,Kamil Gregor,
ppm_2015-02-25,ppm,http://www.factum.cz/aktuality/aktualita/ano-dale-posiluje-ziskalo-by-ctvrtinu-hlasu,2015-02-20,2015-03-02,2015-02-25,2015-03-03,>18,NA,kvótní výběr,osobní dotazování,1012,Kamil Gregor,
ppm_2015-03-31,ppm,http://www.factum.cz/aktuality/aktualita/ano-od-unora-ztratilo-volby-by-vsak-vyhralo,2015-03-19,2015-03-29,2015-03-24,2015-03-31,>18,NA,kvótní výběr,osobní dotazování,971,Kamil Gregor,
ppm_2015-08-18,ppm,http://www.factum.cz/aktuality/aktualita/tiskova-zprava,2015-08-13,2015-08-23,2015-08-18,2015-08-26,>18,NA,kvótní výběr,osobní dotazování,924,Kamil Gregor,
ppm_2015-09-22,ppm,http://www.factum.cz/aktuality/aktualita/ano-je-opet-v-cele,2015-09-17,2015-09-28,2015-09-22,2015-10-05,>18,NA,kvótní výběr,osobní dotazování,1020,Kamil Gregor,
ppm_2015-12-05,ppm,http://www.factum.cz/aktuality/aktualita/usvit-by-se-do-snemovny-nedostal-spo-se-z-preferenci-vytraci,2015-12-01,2015-12-09,2015-12-05,2015-12-11,>18,NA,kvótní výběr,osobní dotazování,984,Kamil Gregor,
ppm_2016-03-23,ppm,http://www.factum.cz/aktuality/aktualita/souboj-ano-a-cssd-se-vyrovnal,2016-03-17,2016-03-29,2016-03-23,2016-04-01,>18,NA,kvótní výběr,osobní dotazování,1016,Kamil Gregor,
sanep_2010-07-17,sanep,NA,2010-07-15,2010-07-20,2010-07-17,NA,>18,NA,kvótní výběr,internetový CAWI on/off-line průměr,3273,Kamil Gregor,
sanep_2010-09-26,sanep,NA,2010-09-23,2010-09-29,2010-09-26,NA,>18,NA,kvótní výběr,internetový CAWI on/off-line průměr,8370,Kamil Gregor,
sanep_2010-11-06,sanep,NA,2010-11-04,2010-11-09,2010-11-06,NA,>18,NA,kvótní výběr,internetový CAWI on/off-line průměr,7453,Kamil Gregor,
sanep_2010-11-28,sanep,NA,2010-11-25,2010-12-01,2010-11-28,NA,>18,NA,kvótní výběr,internetový CAWI on/off-line průměr,10493,Kamil Gregor,
sanep_2011-01-02,sanep,NA,2010-12-30,2011-01-05,2011-01-02,NA,>18,NA,kvótní výběr,internetový CAWI on/off-line průměr,11877,Kamil Gregor,
sanep_2011-02-27,sanep,NA,2011-02-24,2011-03-02,2011-02-27,NA,>18,NA,kvótní výběr,internetový CAWI on/off-line průměr,11204,Kamil Gregor,
sanep_2011-05-08,sanep,NA,2011-05-05,2011-05-11,2011-05-08,NA,>18,NA,kvótní výběr,internetový CAWI on/off-line průměr,12924,Kamil Gregor,
sanep_2011-06-05,sanep,NA,2011-06-02,2011-06-08,2011-06-05,NA,>18,NA,kvótní výběr,internetový CAWI on/off-line průměr,12307,Kamil Gregor,
sanep_2011-07-03,sanep,NA,2011-06-30,2011-07-06,2011-07-03,NA,>18,NA,kvótní výběr,internetový CAWI on/off-line průměr,6902,Kamil Gregor,
sanep_2011-08-07,sanep,NA,2011-08-04,2011-08-10,2011-08-07,NA,>18,NA,kvótní výběr,internetový CAWI on/off-line průměr,11084,Kamil Gregor,
sanep_2011-09-04,sanep,NA,2011-09-01,2011-09-07,2011-09-04,NA,>18,NA,kvótní výběr,internetový CAWI on/off-line průměr,11336,Kamil Gregor,
sanep_2011-10-09,sanep,NA,2011-10-06,2011-10-12,2011-10-09,NA,>18,NA,kvótní výběr,internetový CAWI on/off-line průměr,12042,Kamil Gregor,
sanep_2011-11-06,sanep,NA,2011-11-03,2011-11-09,2011-11-06,NA,>18,NA,kvótní výběr,internetový CAWI on/off-line průměr,14382,Kamil Gregor,
sanep_2011-12-11,sanep,NA,2011-12-08,2011-12-14,2011-12-11,2011-12-16,>18,NA,kvótní výběr,internetový CAWI on/off-line průměr,11592,Kamil Gregor,
sanep_2012-02-05,sanep,NA,2012-02-02,2012-02-08,2012-02-05,2012-02-10,>18,NA,kvótní výběr,internetový CAWI on/off-line průměr,15827,Kamil Gregor,
sanep_2012-03-04,sanep,NA,2012-03-01,2012-03-07,2012-03-04,2012-03-08,>18,NA,kvótní výběr,internetový CAWI on/off-line průměr,14533,Kamil Gregor,
sanep_2012-04-08,sanep,NA,2012-04-05,2012-04-11,2012-04-08,2012-04-16,>18,NA,kvótní výběr,internetový CAWI on/off-line průměr,12914,Kamil Gregor,
sanep_2012-05-06,sanep,NA,2012-05-03,2012-05-09,2012-05-06,2012-05-11,>18,NA,kvótní výběr,internetový CAWI on/off-line průměr,11731,Kamil Gregor,
sanep_2012-05-18,sanep,NA,2012-05-17,2012-05-20,2012-05-18,2012-05-21,>18,NA,kvótní výběr,internetový CAWI on/off-line průměr,8630,Kamil Gregor,
sanep_2012-06-03,sanep,NA,2012-06-01,2012-06-06,2012-06-03,2012-06-13,>18,NA,kvótní výběr,internetový CAWI on/off-line průměr,10558,Kamil Gregor,
sanep_2012-07-07,sanep,NA,2012-07-05,2012-07-10,2012-07-07,2012-07-11,>18,NA,kvótní výběr,internetový CAWI on/off-line průměr,6721,Kamil Gregor,
sanep_2012-08-05,sanep,NA,2012-08-02,2012-08-08,2012-08-05,2012-08-10,>18,NA,kvótní výběr,internetový CAWI on/off-line průměr,5934,Kamil Gregor,
sanep_2012-09-08,sanep,NA,2012-09-06,2012-09-10,2012-09-08,2012-09-11,>18,NA,kvótní výběr,internetový CAWI on/off-line průměr,11812,Kamil Gregor,
sanep_2012-11-04,sanep,NA,2012-11-01,2012-11-07,2012-11-04,2012-11-08,>18,NA,kvótní výběr,internetový CAWI on/off-line průměr,14105,Kamil Gregor,
sanep_2012-12-09,sanep,NA,2012-12-06,2012-12-12,2012-12-09,2012-12-13,>18,NA,kvótní výběr,internetový CAWI on/off-line průměr,11739,Kamil Gregor,
sanep_2013-02-03,sanep,NA,2013-02-01,2013-02-06,2013-02-03,2013-02-07,>18,NA,kvótní výběr,internetový CAWI on/off-line průměr,10041,Kamil Gregor,
sanep_2013-03-09,sanep,NA,2013-03-07,2013-03-11,2013-03-09,2013-03-12,>18,NA,kvótní výběr,internetový CAWI on/off-line průměr,6592,Kamil Gregor,
sanep_2013-04-06,sanep,NA,2013-04-04,2013-04-08,2013-04-06,2013-04-11,>18,NA,kvótní výběr,internetový CAWI on/off-line průměr,5673,Kamil Gregor,
sanep_2013-10-19,sanep,NA,2013-10-17,2013-10-21,2013-10-19,2013-10-21,>18,NA,kvótní výběr,internetový CAWI on/off-line průměr,7186,Kamil Gregor,
sanep_2013-10-22,sanep,NA,2013-10-21,2013-10-24,2013-10-22,2013-10-26,>18,NA,kvótní výběr,internetový CAWI on/off-line průměr,4329,Kamil Gregor,
sanep_2013-12-08,sanep,NA,2013-12-05,2013-12-11,2013-12-08,2013-12-17,>18,NA,kvótní výběr,internetový CAWI on/off-line průměr,7904,Kamil Gregor,
sanep_2014-01-05,sanep,NA,2014-01-02,2014-01-08,2014-01-05,2014-01-10,>18,NA,kvótní výběr,internetový CAWI on/off-line průměr,8193,Kamil Gregor,
sanep_2014-02-03,sanep,NA,2014-02-01,2014-02-06,2014-02-03,2014-02-07,>18,NA,kvótní výběr,internetový CAWI on/off-line průměr,7206,Kamil Gregor,
sanep_2014-03-09,sanep,NA,2014-03-06,2014-03-12,2014-03-09,2014-03-13,>18,NA,kvótní výběr,internetový CAWI on/off-line průměr,7810,Kamil Gregor,
sanep_2014-04-06,sanep,NA,2014-04-03,2014-04-09,2014-04-06,2014-04-10,>18,NA,kvótní výběr,internetový CAWI on/off-line průměr,8287,Kamil Gregor,
sanep_2014-05-11,sanep,NA,2014-05-08,2014-05-14,2014-05-11,2014-05-15,>18,NA,kvótní výběr,internetový CAWI on/off-line průměr,7694,Kamil Gregor,
sanep_2014-06-07,sanep,NA,2014-06-05,2014-06-10,2014-06-07,2014-06-11,>18,NA,kvótní výběr,internetový CAWI on/off-line průměr,6131,Kamil Gregor,
sanep_2014-07-06,sanep,NA,2014-07-03,2014-07-09,2014-07-06,2014-07-10,>18,NA,kvótní výběr,internetový CAWI on/off-line průměr,4192,Kamil Gregor,
sanep_2014-08-03,sanep,NA,2014-08-01,2014-08-06,2014-08-03,2014-08-07,>18,NA,kvótní výběr,internetový CAWI on/off-line průměr,3627,Kamil Gregor,
sanep_2014-09-07,sanep,NA,2014-09-04,2014-09-10,2014-09-07,2014-09-12,>18,NA,kvótní výběr,internetový CAWI on/off-line průměr,5927,Kamil Gregor,
sanep_2014-10-18,sanep,NA,2014-10-16,2014-10-20,2014-10-18,2014-10-21,>18,NA,kvótní výběr,internetový CAWI on/off-line průměr,4131,Kamil Gregor,
sanep_2014-11-09,sanep,NA,2014-11-06,2014-11-12,2014-11-09,2014-11-14,>18,NA,kvótní výběr,internetový CAWI on/off-line průměr,5387,Kamil Gregor,
sanep_2014-12-06,sanep,NA,2014-12-04,2014-12-08,2014-12-06,2014-12-09,>18,NA,kvótní výběr,internetový CAWI on/off-line průměr,4192,Kamil Gregor,
sanep_2015-01-11,sanep,NA,2015-01-08,2015-01-14,2015-01-11,2015-01-16,>18,NA,kvótní výběr,internetový CAWI on/off-line průměr,4763,Kamil Gregor,
sanep_2015-02-08,sanep,NA,2015-02-05,2015-02-11,2015-02-08,2015-02-16,>18,NA,kvótní výběr,internetový CAWI on/off-line průměr,4071,Kamil Gregor,
sanep_2015-03-08,sanep,NA,2015-03-05,2015-03-11,2015-03-08,2015-03-12,>18,NA,kvótní výběr,internetový CAWI on/off-line průměr,4310,Kamil Gregor,
sanep_2015-04-05,sanep,NA,2015-04-02,2015-04-08,2015-04-05,2015-04-09,>18,NA,kvótní výběr,internetový CAWI on/off-line průměr,4293,Kamil Gregor,
sanep_2015-05-16,sanep,NA,2015-05-14,2015-05-18,2015-05-16,2015-05-20,>18,NA,kvótní výběr,internetový CAWI on/off-line průměr,3047,Kamil Gregor,
sanep_2015-06-21,sanep,NA,2015-06-18,2015-06-24,2015-06-21,2015-06-30,>18,NA,kvótní výběr,internetový CAWI on/off-line průměr,4498,Kamil Gregor,
sanep_2015-08-15,sanep,NA,2015-08-13,2015-08-18,2015-08-15,2015-08-21,>18,NA,kvótní výběr,internetový CAWI on/off-line průměr,3421,Kamil Gregor,
sanep_2015-09-05,sanep,NA,2015-09-03,2015-09-08,2015-09-05,2015-09-14,>18,NA,kvótní výběr,internetový CAWI on/off-line průměr,3105,Kamil Gregor,
sanep_2015-10-04,sanep,NA,2015-10-01,2015-10-07,2015-10-04,2015-10-08,>18,NA,kvótní výběr,internetový CAWI on/off-line průměr,3931,Kamil Gregor,
sanep_2015-11-15,sanep,NA,2015-11-12,2015-11-18,2015-11-15,2015-11-19,>18,NA,kvótní výběr,internetový CAWI on/off-line průměr,3625,Kamil Gregor,
sanep_2016-01-11,sanep,NA,2016-01-08,2016-01-14,2016-01-11,2016-01-16,>18,NA,kvótní výběr,internetový CAWI on/off-line průměr,4763,Kamil Gregor,
sanep_2016-02-08,sanep,NA,2016-02-05,2016-02-11,2016-02-08,2016-02-16,>18,NA,kvótní výběr,internetový CAWI on/off-line průměr,4071,Kamil Gregor,
sanep_2016-03-08,sanep,NA,2016-03-05,2016-03-11,2016-03-08,2016-03-12,>18,NA,kvótní výběr,internetový CAWI on/off-line průměr,4310,Kamil Gregor,
sanep_2016-04-05,sanep,NA,2016-04-08,2016-04-02,2016-04-05,2016-04-09,>18,NA,kvótní výběr,internetový CAWI on/off-line průměr,4293,Kamil Gregor,
sanep_2016-05-08,sanep,http://www.sanep.cz/pruzkumy/volebni-preference-kveten-2016-publikovano-16-5-2016/,2016-05-05,2016-05-11,2016-05-08,2016-05-16,>18,NA,kvótní výběr,internetový CAWI on/off-line průměr,3241,Kamil Gregor,
sanep_2016-06-04,sanep,http://www.sanep.cz/pruzkumy/volebni-preference-cerven-2016-publikovano-10-6-2016/,2016-06-02,2016-06-07,2016-06-04,2016-06-10,>18,NA,kvótní výběr,internetový CAWI on/off-line průměr,2837,Kamil Gregor,
sanep_2016-07-09,sanep,http://www.sanep.cz/pruzkumy/volebni-preference-cervenec-2016-publikovano-13-7-2016/,2016-07-07,2016-07-12,2016-07-09,2016-07-16,>18,NA,kvótní výběr,internetový CAWI on/off-line průměr,2129,Kamil Gregor,
sanep_2016-08-14,sanep,http://www.sanep.cz/pruzkumy/volebni-preference-srpen-2016-publikovano-23-8-2016/,2016-08-11,2016-08-17,2016-08-14,2016-08-23,>18,NA,kvótní výběr,internetový CAWI on/off-line průměr,2364,Kamil Gregor,
sanep_2016-10-20,sanep,http://www.sanep.cz/pruzkumy/volebni-preference-listopad-2016-publikovano-7-11-2016/,2016-10-07,2016-11-02,2016-10-20,2016-11-07,>18,NA,kvótní výběr,"osobní rozhovory, CAPI + PAPI",2691,Kamil Gregor,
stem_2010-09-08,stem,https://www.stem.cz/stranicke-preference-zari-2010/,2010-09-03,2010-09-13,2010-09-08,2010-09-22,>18,NA,kvótní výběr,"osobní rozhovory, CAPI + PAPI",1228,Kamil Gregor,
stem_2010-10-05,stem,https://www.stem.cz/stranicke-preference-rijen-2010/,2010-10-01,2010-10-09,2010-10-05,2010-10-18,>18,NA,kvótní výběr,"osobní rozhovory, CAPI + PAPI",1244,Kamil Gregor,
stem_2010-12-03,stem,https://www.stem.cz/stranicke-preference-prosinec-2010/,2010-11-30,2010-12-06,2010-12-03,2010-12-14,>18,NA,kvótní výběr,"osobní rozhovory, CAPI + PAPI",1223,Kamil Gregor,
stem_2011-01-06,stem,https://www.stem.cz/stranicke-preference-leden-2011/,2011-01-03,2011-01-10,2011-01-06,2011-01-19,>18,NA,kvótní výběr,"osobní rozhovory, CAPI + PAPI",1245,Kamil Gregor,
stem_2011-01-31,stem,https://www.stem.cz/stranicke-preference-unor-2011/,2011-01-28,2011-02-04,2011-01-31,2011-02-14,>18,NA,kvótní výběr,"osobní rozhovory, CAPI + PAPI",1246,Kamil Gregor,
stem_2011-04-04,stem,https://www.stem.cz/stranicke-preference-duben-2011/,2011-03-31,2011-04-08,2011-04-04,2011-04-18,>18,NA,kvótní výběr,"osobní rozhovory, CAPI + PAPI",1286,Kamil Gregor,
stem_2011-05-05,stem,https://www.stem.cz/stranicke-preference-kveten-2011/,2011-05-02,2011-05-09,2011-05-05,2011-05-16,>18,NA,kvótní výběr,"osobní rozhovory, CAPI + PAPI",1219,Kamil Gregor,
stem_2011-06-06,stem,https://www.stem.cz/stranicke-preference-cerven-2011/,2011-06-02,2011-06-10,2011-06-06,2011-06-20,>18,NA,kvótní výběr,"osobní rozhovory, CAPI + PAPI",1244,Kamil Gregor,
stem_2011-09_12,stem,https://www.stem.cz/stranicke-preference-zari-2011/,2011-09-08,2011-09-16,2011-09-12,2011-09-26,>18,NA,kvótní výběr,"osobní rozhovory, CAPI + PAPI",1237,Kamil Gregor,
stem_2011-10-11,stem,https://www.stem.cz/stranicke-preference-rijen-2011/,2011-10-07,2011-10-15,2011-10-11,2011-10-24,>18,NA,kvótní výběr,"osobní rozhovory, CAPI + PAPI",1277,Kamil Gregor,
stem_2011-11-03,stem,https://www.stem.cz/stranicke-preference-listopad2011/,2011-10-31,2011-11-07,2011-11-03,2011-11-14,>18,NA,kvótní výběr,"osobní rozhovory, CAPI + PAPI",1257,Kamil Gregor,
stem_2012-01-03,stem,https://www.stem.cz/stranicke-preference-leden-2012/,2011-12-29,2012-01-09,2012-01-03,2012-01-17,>18,NA,kvótní výběr,"osobní rozhovory, CAPI + PAPI",1258,Kamil Gregor,
stem_2012-02-26,stem,https://www.stem.cz/stranicke-preference-unor-2012/,2012-02-22,2012-03-02,2012-02-26,2012-03-09,>18,NA,kvótní výběr,"osobní rozhovory, CAPI + PAPI",1096,Kamil Gregor,
stem_2012-04-23,stem,https://www.stem.cz/preference-politickych-stran-duben-2012/,2012-04-18,2012-04-29,2012-04-23,2012-05-09,>18,NA,kvótní výběr,"osobní rozhovory, CAPI + PAPI",1084,Kamil Gregor,
stem_2012-05-16,stem,https://www.stem.cz/preference-politickych-stran-kveten-2012/,2012-05-12,2012-05-21,2012-05-16,2012-05-28,>18,NA,kvótní výběr,"osobní rozhovory, CAPI + PAPI",975,Kamil Gregor,
stem_2012-06-06,stem,https://www.stem.cz/preference-politickych-stran-cerven-2012/,2012-06-01,2012-06-11,2012-06-06,2012-06-19,>18,NA,kvótní výběr,"osobní rozhovory, CAPI + PAPI",1112,Kamil Gregor,
stem_2012-09-01,stem,https://www.stem.cz/preference-politickych-stran-zari-2012/,2012-08-29,2012-09-05,2012-09-01,2012-09-12,>18,NA,kvótní výběr,"osobní rozhovory, CAPI + PAPI",1205,Kamil Gregor,
stem_2012-09-28,stem,https://www.stem.cz/preference-politickych-stran-prelom-zari-a-rijna-2012/,2012-09-24,2012-10-02,2012-09-28,2012-10-15,>18,NA,kvótní výběr,"osobní rozhovory, CAPI + PAPI",1061,Kamil Gregor,
stem_2012-12-05,stem,https://www.stem.cz/stranicke-preference-prosinec-2011/,2011-12-01,2011-12-09,2011-12-05,2011-12-16,>18,NA,kvótní výběr,"osobní rozhovory, CAPI + PAPI",1227,Kamil Gregor,
stem_2013-01-07,stem,https://www.stem.cz/stranicke-preference-leden-2013/,2013-01-04,2013-01-11,2013-01-07,2013-01-21,>18,NA,kvótní výběr,"osobní rozhovory, CAPI + PAPI",1119,Kamil Gregor,
stem_2013-02-07,stem,https://www.stem.cz/preference-politickych-stran-unor-2013/,2013-02-04,2013-02-11,2013-02-07,2013-02-20,>18,NA,kvótní výběr,"osobní rozhovory, CAPI + PAPI",1090,Kamil Gregor,
stem_2013-03-04,stem,https://www.stem.cz/preference-politickych-stran-brezen-2013/,2013-02-28,2013-03-08,2013-03-04,2013-03-19,>18,NA,kvótní výběr,"osobní rozhovory, CAPI + PAPI",1091,Kamil Gregor,
stem_2013-04-05,stem,https://www.stem.cz/stranicke-preference-duben-2013/,2013-04-02,2013-04-09,2013-04-05,2013-04-16,>18,NA,kvótní výběr,"osobní rozhovory, CAPI + PAPI",1009,Kamil Gregor,
stem_2013-05-18,stem,https://www.stem.cz/stranicke-preference-kveten-2013/,2013-05-15,2013-05-21,2013-05-18,2013-05-29,>18,NA,kvótní výběr,"osobní rozhovory, CAPI + PAPI",1040,Kamil Gregor,
stem_2013-06-05,stem,https://www.stem.cz/stranicke-preference-cerven-2013/,2013-06-01,2013-06-10,2013-06-05,2013-06-18,>18,NA,kvótní výběr,"osobní rozhovory, CAPI + PAPI",1110,Kamil Gregor,
stem_2013-09-03,stem,https://www.stem.cz/stranicke-preference-zari-2013/,2013-08-29,2013-09-08,2013-09-03,2013-09-16,>18,NA,kvótní výběr,"osobní rozhovory, CAPI + PAPI",1093,Kamil Gregor,
stem_2013-09-18,stem,https://www.stem.cz/stranicke-preference-zari-ii-2013/,2013-09-15,2013-09-21,2013-09-18,2013-09-27,>18,NA,kvótní výběr,"osobní rozhovory, CAPI + PAPI",1043,Kamil Gregor,
stem_2013-10-11,stem,https://www.stem.cz/volebni-model-rijen-2013/,2013-10-08,2013-10-15,2013-10-11,2013-10-18,>18,NA,kvótní výběr,"osobní rozhovory, CAPI + PAPI",1052,Kamil Gregor,
stem_2013-12-05,stem,https://www.stem.cz/stranicke-preference-prosinec-2013/,2013-12-02,2013-12-09,2013-12-05,2013-12-19,>18,NA,kvótní výběr,"osobní rozhovory, CAPI + PAPI",1078,Kamil Gregor,
stem_2014-02-08,stem,https://www.stem.cz/stranicke-preference-unor-2014/,2014-02-05,2014-02-12,2014-02-08,2014-02-21,>18,NA,kvótní výběr,"osobní rozhovory, CAPI + PAPI",1102,Kamil Gregor,
stem_2014-03-15,stem,https://www.stem.cz/stranicke-preference-brezen-2014/,2014-03-11,2014-03-20,2014-03-15,2014-03-26,>18,NA,kvótní výběr,"osobní rozhovory, CAPI + PAPI",1070,Kamil Gregor,
stem_2014-04-17,stem,https://www.stem.cz/stranicke-preference-duben-2014/,2014-04-14,2014-04-21,2014-04-17,2014-05-05,>18,NA,kvótní výběr,"osobní rozhovory, CAPI + PAPI",1098,Kamil Gregor,
stem_2014-05-23,stem,https://www.stem.cz/stranicke-preference-kveten-2014/,2014-05-20,2014-05-27,2014-05-23,2014-06-04,>18,NA,kvótní výběr,"osobní rozhovory, CAPI + PAPI",1093,Kamil Gregor,
stem_2014-06-05,stem,https://www.stem.cz/stranicke-preference-cerven-2014/,2014-05-31,2014-06-10,2014-06-05,2014-06-19,>18,NA,kvótní výběr,"osobní rozhovory, CAPI + PAPI",1099,Kamil Gregor,
stem_2014-09-06,stem,https://www.stem.cz/stranicke-preference-zari-2014/,2014-09-03,2014-09-10,2014-09-06,2014-09-19,>18,NA,kvótní výběr,"osobní rozhovory, CAPI + PAPI",1024,Kamil Gregor,
stem_2014-10-16,stem,https://www.stem.cz/stranicke-preference-rijen-2014/,2014-10-13,2014-10-20,2014-10-16,2014-10-30,>18,NA,kvótní výběr,"osobní rozhovory, CAPI + PAPI",1049,Kamil Gregor,
stem_2014-11-04,stem,https://www.stem.cz/stranicke-preference-listopad-2014/,2014-10-31,2014-11-09,2014-11-04,2014-11-19,>18,NA,kvótní výběr,"osobní rozhovory, CAPI + PAPI",1071,Kamil Gregor,
stem_2014-12-03,stem,https://www.stem.cz/stranicke-preference-prosinec-2014/,2014-12-08,2014-11-29,2014-12-03,2014-12-30,>18,NA,kvótní výběr,"osobní rozhovory, CAPI + PAPI",1045,Kamil Gregor,
stem_2015-01-11,stem,https://www.stem.cz/stranicke-preference-leden-2015/,2015-01-06,2015-01-16,2015-01-11,2015-01-23,>18,NA,kvótní výběr,"osobní rozhovory, CAPI + PAPI",1081,Kamil Gregor,
stem_2015-03-22,stem,https://www.stem.cz/stranicke-preference-brezen-2015/,2015-03-17,2015-03-27,2015-03-22,2015-04-09,>18,NA,kvótní výběr,"osobní rozhovory, CAPI + PAPI",1089,Kamil Gregor,
stem_2015-05-24,stem,https://www.stem.cz/stranicke-preference-kveten-2015/,2015-05-19,2015-05-29,2015-05-24,2015-06-05,>18,NA,kvótní výběr,"osobní rozhovory, CAPI + PAPI",1065,Kamil Gregor,
stem_2015-06-07,stem,https://www.stem.cz/stranicke-preference-cerven-2015/,2015-06-04,2015-06-11,2015-06-07,2015-06-24,>18,NA,kvótní výběr,"osobní rozhovory, CAPI + PAPI",1003,Kamil Gregor,
stem_2015-09-23,stem,https://www.stem.cz/stranicke-preference-zari-2015/,2015-09-18,2015-09-28,2015-09-23,2015-10-07,>18,NA,kvótní výběr,"osobní rozhovory, CAPI + PAPI",925,Kamil Gregor,
stem_2015-11-06,stem,https://www.stem.cz/stranicke-preference-listopad-2015/,2015-11-02,2015-11-11,2015-11-06,2015-11-19,>18,NA,kvótní výběr,"osobní rozhovory, CAPI + PAPI",1109,Kamil Gregor,
stem_2015-12-07,stem,https://www.stem.cz/stem-volebni-preference-prosinec-2015/,2015-12-03,2015-12-12,2015-12-07,2015-12-21,>18,NA,kvótní výběr,"osobní rozhovory, CAPI + PAPI",1014,Kamil Gregor,
stem_2016-01-15,stem,https://www.stem.cz/stem-volebni-preference-leden-2016/,2016-01-11,2016-01-19,2016-01-15,2016-01-25,>18,NA,kvótní výběr,"osobní rozhovory, CAPI + PAPI",1015,Kamil Gregor,
stem_2016-02-12,stem,https://www.stem.cz/stem-volebni-preference-unor-2016/,2016-02-09,2016-02-16,2016-02-12,2016-02-25,>18,NA,kvótní výběr,"osobní rozhovory, CAPI + PAPI",1014,Kamil Gregor,
stem_2016-03-19,stem,https://www.stem.cz/stem-volebni-preference-brezen-2016-2/,2016-03-16,2016-03-23,2016-03-19,2016-03-30,>18,NA,kvótní výběr,"osobní rozhovory, CAPI + PAPI",1050,Kamil Gregor,
stem_2016-05-08,stem,https://www.stem.cz/stem-volebni-preference-kveten-2016/,2016-05-04,2016-05-13,2016-05-08,2016-05-25,>18,NA,kvótní výběr,"osobní rozhovory, CAPI + PAPI",1292,Kamil Gregor,
stem_2016-06-17,stem,https://www.stem.cz/volebni-preference-cerven-2016/,2016-06-13,2016-06-21,2016-06-17,2016-07-04,>18,NA,kvótní výběr,"osobní rozhovory, CAPI + PAPI",1061,Kamil Gregor,
stem_2016-09-02,stem,https://www.stem.cz/stem-volebni-preference-zari-2016/,2016-08-30,2016-09-05,2016-09-02,2016-09-15,>18,NA,kvótní výběr,"osobní rozhovory, CAPI + PAPI",1013,Kamil Gregor,
stem_2016-10-17,stem,https://www.stem.cz/stem-volebni-preference-rijen-2016/,2016-10-13,2016-10-21,2016-10-17,2016-10-31,>18,NA,kvótní výběr,"osobní rozhovory, CAPI + PAPI",1054,Kamil Gregor,
tns_2014-07-01,tns,http://www.ceskatelevize.cz/ct24/domaci/1026001-ct-volby-s-naskokem-vyhralo-ano-pirati-klepou-na-dvere,2014-06-28,2014-07-04,2014-07-01,2014-07-12,>18,Česká televize,náhodný výběr,CATI (Computer Assisted Telephone Interview) s využitím náhodného generování mobilních telefonních čísel a pevných linek,1200,Kamil Gregor,5. vlna
tns_2014-08-28,tns,http://www.ceskatelevize.cz/ct24/domaci/1018949-ano-ztraci-podporu-volicu-presto-stale-volby-suverenne-vyhralo,2014-08-25,2014-08-31,2014-08-28,2014-09-07,>18,Česká televize,náhodný výběr,CATI (Computer Assisted Telephone Interview) s využitím náhodného generování mobilních telefonních čísel a pevných linek,1200,Kamil Gregor,6. vlna
tns_2015-01-22,tns,http://www.ceskatelevize.cz/ct24/sites/default/files/1530934-fileGy8gYQ,2015-01-19,2015-01-25,2015-01-22,2015-02-01,>18,Česká televize,náhodný výběr,CATI (Computer Assisted Telephone Interview) s využitím náhodného generování mobilních telefonních čísel a pevných linek,1200,Kamil Gregor,10. vlna
tns_2015-02-19,tns,http://www.ceskatelevize.cz/ct24/domaci/1506484-socialni-demokrate-nadale-stahuji-naskok-vedouciho-hnuti-ano,2015-02-16,2015-02-22,2015-02-19,2015-03-01,>18,Česká televize,náhodný výběr,CATI (Computer Assisted Telephone Interview) s využitím náhodného generování mobilních telefonních čísel a pevných linek,1200,Kamil Gregor,11. vlna
tns_2015-03-31,tns,http://www.ceskatelevize.cz/ct24/sites/default/files/1560812-file0IhCG8,2015-03-28,2015-04-03,2015-03-31,2015-04-12,>18,Česká televize,náhodný výběr,CATI (Computer Assisted Telephone Interview) s využitím náhodného generování mobilních telefonních čísel a pevných linek,1200,Kamil Gregor,12. vlna
tns_2015-04-23,tns,http://www.ceskatelevize.cz/ct24/sites/default/files/1569472-filepqVAno,2015-04-20,2015-04-26,2015-04-23,2015-05-03,>18,Česká televize,náhodný výběr,CATI (Computer Assisted Telephone Interview) s využitím náhodného generování mobilních telefonních čísel a pevných linek,1200,Kamil Gregor,13. vlna
tns_2015-05-28,tns,http://www.ceskatelevize.cz/ct24/sites/default/files/1583208-fileTtfekN,2015-05-25,2015-05-31,2015-05-28,2015-06-07,>18,Česká televize,náhodný výběr,CATI (Computer Assisted Telephone Interview) s využitím náhodného generování mobilních telefonních čísel a pevných linek,1200,Kamil Gregor,14. vlna
tns_2015-06-23,tns,http://www.ceskatelevize.cz/ct24/sites/default/files/1603885-file1RQ3z5,2015-06-20,2015-06-26,2015-06-23,2015-07-12,>18,Česká televize,náhodný výběr,CATI (Computer Assisted Telephone Interview) s využitím náhodného generování mobilních telefonních čísel a pevných linek,1200,Kamil Gregor,15. vlna
tns_2015-08-27,tns,http://www.ceskatelevize.cz/ct24/sites/default/files/1713385-trendy_ceska_2015_vlna_16_fin.pdf,2015-08-24,2015-08-30,2015-08-27,2015-09-13,>18,Česká televize,náhodný výběr,CATI (Computer Assisted Telephone Interview) s využitím náhodného generování mobilních telefonních čísel a pevných linek,1200,Kamil Gregor,16. vlna
tns_2015-09-22,tns,http://www.ceskatelevize.cz/ct24/sites/default/files/1634643-trendy_ceska_2015_vlna_17_zari_fin_2.pdf,2015-09-19,2015-09-25,2015-09-22,2015-10-04,>18,Česká televize,náhodný výběr,CATI (Computer Assisted Telephone Interview) s využitím náhodného generování mobilních telefonních čísel a pevných linek,1200,Kamil Gregor,17. vlna
tns_2015-10-20,tns,http://www.ceskatelevize.cz/ct24/sites/default/files/1641691-trendy_volby_rijen_2015.pdf,2015-10-17,2015-10-23,2015-10-20,2015-11-08,>18,Česká televize,náhodný výběr,CATI (Computer Assisted Telephone Interview) s využitím náhodného generování mobilních telefonních čísel a pevných linek,1200,Kamil Gregor,18. vlna
tns_2015-12-06,tns,http://www.ceskatelevize.cz/ct24/sites/default/files/1656129-trendy_ceska_19.pdf,2015-11-21,2015-11-27,2015-11-24,2015-12-06,>18,Česká televize,náhodný výběr,CATI (Computer Assisted Telephone Interview) s využitím náhodného generování mobilních telefonních čísel a pevných linek,1200,Kamil Gregor,19. vlna
tns_2016-01-26,tns,http://www.ceskatelevize.cz/ct24/sites/default/files/1713238-trendy_ceska_2016_vlna_20_fin.pdf,2016-01-23,2016-01-29,2016-01-26,2016-02-09,>18,Česká televize,náhodný výběr,CATI (Computer Assisted Telephone Interview) s využitím náhodného generování mobilních telefonních čísel a pevných linek,1200,Kamil Gregor,20. vlna
tns_2016-02-23,tns,http://www.ceskatelevize.cz/ct24/sites/default/files/1713235-trendy_ceska_2016_vlna_21_fin.pdf,2016-02-20,2016-02-26,2016-02-23,2016-03-06,>18,Česká televize,náhodný výběr,CATI (Computer Assisted Telephone Interview) s využitím náhodného generování mobilních telefonních čísel a pevných linek,1200,Kamil Gregor,21. vlna
tns_2016-03-21,tns,http://www.ceskatelevize.cz/ct24/sites/default/files/1721809-trendy_ceska_2016_22_vlna_brezen.pdf,2016-03-19,2016-03-24,2016-03-21,2016-04-03,>18,Česká televize,náhodný výběr,CATI (Computer Assisted Telephone Interview) s využitím náhodného generování mobilních telefonních čísel a pevných linek,1200,Kamil Gregor,22. vlna
tns_2016-04-19,tns,http://www.ceskatelevize.cz/ct24/sites/default/files/1738001-trendy_ceska_2016_vlna_23_duben_volby.pdf,2016-04-16,2016-04-22,2016-04-19,2016-05-01,>18,Česká televize,náhodný výběr,CATI (Computer Assisted Telephone Interview) s využitím náhodného generování mobilních telefonních čísel a pevných linek,1200,Kamil Gregor,23. vlna
tns_2016-05-24,tns,http://www.ceskatelevize.cz/ct24/sites/default/files/1755221-trendy_ceska_2016_vlna_24_volebni_model.pdf,2016-05-21,2016-05-27,2016-05-24,2016-06-05,>18,Česká televize,náhodný výběr,CATI (Computer Assisted Telephone Interview) s využitím náhodného generování mobilních telefonních čísel a pevných linek,1200,Kamil Gregor,24. vlna
tns_2016-06-29,tns,http://www.ceskatelevize.cz/ct24/sites/default/files/1769639-trendy_ceska_2016_vlna_25_volebni_model.pdf,2016-06-27,2016-07-01,2016-06-29,2016-07-03,>18,Česká televize,náhodný výběr,CATI (Computer Assisted Telephone Interview) s využitím náhodného generování mobilních telefonních čísel a pevných linek,600,Kamil Gregor,25. vlna
tns_2016-07-26,tns,http://www.ceskatelevize.cz/ct24/sites/default/files/1786080-trendy_ceska_2016_vlna_26_cervenec.pdf,2016-07-23,2016-07-29,2016-07-26,2016-08-07,>18,Česká televize,náhodný výběr,CATI (Computer Assisted Telephone Interview) s využitím náhodného generování mobilních telefonních čísel a pevných linek,1200,Kamil Gregor,26. vlna
tns_2016-08-16,tns,http://www.ceskatelevize.cz/ct24/sites/default/files/1800227-trendy_ceska_2016_vlna_27_volebni_model.pdf,2016-08-06,2016-08-26,2016-08-16,2016-09-04,>18,Česká televize,náhodný výběr,CATI (Computer Assisted Telephone Interview) s využitím náhodného generování mobilních telefonních čísel a pevných linek,1200,Kamil Gregor,27. vlna
tns_2016-10-17,tns,http://www.ceskatelevize.cz/ct24/sites/default/files/1829421-trendy_ceska_2016_vlna_29_rijen_volebni_model.pdf,2016-10-08,2016-10-27,2016-10-17,2016-11-06,>18,Česká televize,náhodný výběr,CATI (Computer Assisted Telephone Interview) s využitím náhodného generování mobilních telefonních čísel a pevných linek,1200,Kamil Gregor,29. vlna
tns_2016-11-15,tns,http://www.ceskatelevize.cz/ct24/sites/default/files/1840630-trendy_ceska_2016_vlna_30_listopad_volebni_model.pdf,2016-11-05,2016-11-25,2016-11-15,2016-12-04,>18,Česká televize,náhodný výběr,CATI (Computer Assisted Telephone Interview) s využitím náhodného generování mobilních telefonních čísel a pevných linek,1200,Kamil Gregor,30. vlna
cvvm_2016-12-05,cvvm,http://cvvm.soc.cas.cz/media/com_form2content/documents/c1/a7632/f3/pv161215.pdf,2016-11-28,2016-12-12,2016-12-05,2016-12-15,>15,NA,kvótní výběr,"osobní rozhovor tazatele s respondentem - 
kombinace dotazování CAPI a PAPI ",1028,Kamil Gregor,
